agency_id,agency_name,agency_type,state,district,nodal_officer_designation,contact_email_synthetic,performance_rating,active_status,synthetic_demo_data
AGY-SYNTH-0001,Gaya Rural Development Agency (Demo) Unit-1,Rural Development Agency (Demo),Bihar,Gaya,Nodal Officer (Demo Code 001),officer.demo.0001@gaya.synthetic.gov.in,3.24,Active,True
AGY-SYNTH-0002,Dakshina Kannada Municipal Engineering Cell (Demo) Unit-2,Municipal Engineering Cell (Demo),Karnataka,Dakshina Kannada,Nodal Officer (Demo Code 002),officer.demo.0002@dakshinakannada.synthetic.gov.in,4.45,Active,True
AGY-SYNTH-0003,Ernakulam Rural Development Agency (Demo) Unit-3,Rural Development Agency (Demo),Kerala,Ernakulam,Nodal Officer (Demo Code 003),officer.demo.0003@ernakulam.synthetic.gov.in,4.2,Suspended (Demo),True
AGY-SYNTH-0004,Chennai Water Supply & Sanitation Board (Demo) Unit-4,Water Supply & Sanitation Board (Demo),Tamil Nadu,Chennai,Nodal Officer (Demo Code 004),officer.demo.0004@chennai.synthetic.gov.in,3.6,Active,True
AGY-SYNTH-0005,Kozhikode Water Supply & Sanitation Board (Demo) Unit-5,Water Supply & Sanitation Board (Demo),Kerala,Kozhikode,Nodal Officer (Demo Code 005),officer.demo.0005@kozhikode.synthetic.gov.in,4.42,Active,True
AGY-SYNTH-0006,Surat Water Supply & Sanitation Board (Demo) Unit-1,Water Supply & Sanitation Board (Demo),Gujarat,Surat,Nodal Officer (Demo Code 006),officer.demo.0006@surat.synthetic.gov.in,3.96,Active,True
AGY-SYNTH-0007,Pune Municipal Engineering Cell (Demo) Unit-2,Municipal Engineering Cell (Demo),Maharashtra,Pune,Nodal Officer (Demo Code 007),officer.demo.0007@pune.synthetic.gov.in,4.39,Active,True
AGY-SYNTH-0008,Salem Water Supply & Sanitation Board (Demo) Unit-3,Water Supply & Sanitation Board (Demo),Tamil Nadu,Salem,Nodal Officer (Demo Code 008),officer.demo.0008@salem.synthetic.gov.in,4.83,Active,True
AGY-SYNTH-0009,Chennai Irrigation & Flood Management Dept (Demo) Unit-4,Irrigation & Flood Management Dept (Demo),Tamil Nadu,Chennai,Nodal Officer (Demo Code 009),officer.demo.0009@chennai.synthetic.gov.in,3.36,Active,True
AGY-SYNTH-0010,Gwalior Zilla Parishad Engineering Division (Demo) Unit-5,Zilla Parishad Engineering Division (Demo),Madhya Pradesh,Gwalior,Nodal Officer (Demo Code 010),officer.demo.0010@gwalior.synthetic.gov.in,4.57,Active,True
AGY-SYNTH-0011,Ernakulam Rural Development Agency (Demo) Unit-1,Rural Development Agency (Demo),Kerala,Ernakulam,Nodal Officer (Demo Code 011),officer.demo.0011@ernakulam.synthetic.gov.in,4.85,Active,True
AGY-SYNTH-0012,Kozhikode Zilla Parishad Engineering Division (Demo) Unit-2,Zilla Parishad Engineering Division (Demo),Kerala,Kozhikode,Nodal Officer (Demo Code 012),officer.demo.0012@kozhikode.synthetic.gov.in,4.61,Active,True
AGY-SYNTH-0013,Kota Water Supply & Sanitation Board (Demo) Unit-3,Water Supply & Sanitation Board (Demo),Rajasthan,Kota,Nodal Officer (Demo Code 013),officer.demo.0013@kota.synthetic.gov.in,4.4,Suspended (Demo),True
AGY-SYNTH-0014,Dakshina Kannada Zilla Parishad Engineering Division (Demo) Unit-4,Zilla Parishad Engineering Division (Demo),Karnataka,Dakshina Kannada,Nodal Officer (Demo Code 014),officer.demo.0014@dakshinakannada.synthetic.gov.in,4.87,Active,True
AGY-SYNTH-0015,Coimbatore Irrigation & Flood Management Dept (Demo) Unit-5,Irrigation & Flood Management Dept (Demo),Tamil Nadu,Coimbatore,Nodal Officer (Demo Code 015),officer.demo.0015@coimbatore.synthetic.gov.in,3.67,Active,True
AGY-SYNTH-0016,Kota Municipal Engineering Cell (Demo) Unit-1,Municipal Engineering Cell (Demo),Rajasthan,Kota,Nodal Officer (Demo Code 016),officer.demo.0016@kota.synthetic.gov.in,3.83,Active,True
AGY-SYNTH-0017,Kanpur Nagar Rural Development Agency (Demo) Unit-2,Rural Development Agency (Demo),Uttar Pradesh,Kanpur Nagar,Nodal Officer (Demo Code 017),officer.demo.0017@kanpurnagar.synthetic.gov.in,4.24,Active,True
AGY-SYNTH-0018,Amritsar Water Supply & Sanitation Board (Demo) Unit-3,Water Supply & Sanitation Board (Demo),Punjab,Amritsar,Nodal Officer (Demo Code 018),officer.demo.0018@amritsar.synthetic.gov.in,3.48,Active,True
AGY-SYNTH-0019,Gaya Water Supply & Sanitation Board (Demo) Unit-4,Water Supply & Sanitation Board (Demo),Bihar,Gaya,Nodal Officer (Demo Code 019),officer.demo.0019@gaya.synthetic.gov.in,4.36,Active,True
AGY-SYNTH-0020,Cuttack Public Works Dept (Demo) Unit-5,Public Works Dept (Demo),Odisha,Cuttack,Nodal Officer (Demo Code 020),officer.demo.0020@cuttack.synthetic.gov.in,3.59,Suspended (Demo),True
AGY-SYNTH-0021,Jaipur Irrigation & Flood Management Dept (Demo) Unit-1,Irrigation & Flood Management Dept (Demo),Rajasthan,Jaipur,Nodal Officer (Demo Code 021),officer.demo.0021@jaipur.synthetic.gov.in,3.66,Active,True
AGY-SYNTH-0022,Bhopal State Renewable Energy Development Corp (Demo) Unit-2,State Renewable Energy Development Corp (Demo),Madhya Pradesh,Bhopal,Nodal Officer (Demo Code 022),officer.demo.0022@bhopal.synthetic.gov.in,3.56,Active,True
AGY-SYNTH-0023,Muzaffarpur State Sports Infrastructure Authority (Demo) Unit-3,State Sports Infrastructure Authority (Demo),Bihar,Muzaffarpur,Nodal Officer (Demo Code 023),officer.demo.0023@muzaffarpur.synthetic.gov.in,3.44,Active,True
AGY-SYNTH-0024,Ludhiana Zilla Parishad Engineering Division (Demo) Unit-4,Zilla Parishad Engineering Division (Demo),Punjab,Ludhiana,Nodal Officer (Demo Code 024),officer.demo.0024@ludhiana.synthetic.gov.in,4.47,Active,True
AGY-SYNTH-0025,Indore Irrigation & Flood Management Dept (Demo) Unit-5,Irrigation & Flood Management Dept (Demo),Madhya Pradesh,Indore,Nodal Officer (Demo Code 025),officer.demo.0025@indore.synthetic.gov.in,3.82,Active,True
AGY-SYNTH-0026,Tiruchirappalli State Sports Infrastructure Authority (Demo) Unit-1,State Sports Infrastructure Authority (Demo),Tamil Nadu,Tiruchirappalli,Nodal Officer (Demo Code 026),officer.demo.0026@tiruchirappalli.synthetic.gov.in,3.35,Suspended (Demo),True
AGY-SYNTH-0027,Madurai Municipal Engineering Cell (Demo) Unit-2,Municipal Engineering Cell (Demo),Tamil Nadu,Madurai,Nodal Officer (Demo Code 027),officer.demo.0027@madurai.synthetic.gov.in,4.27,Active,True
AGY-SYNTH-0028,Vadodara Rural Development Agency (Demo) Unit-3,Rural Development Agency (Demo),Gujarat,Vadodara,Nodal Officer (Demo Code 028),officer.demo.0028@vadodara.synthetic.gov.in,3.85,Active,True
AGY-SYNTH-0029,Kolkata Zilla Parishad Engineering Division (Demo) Unit-4,Zilla Parishad Engineering Division (Demo),West Bengal,Kolkata,Nodal Officer (Demo Code 029),officer.demo.0029@kolkata.synthetic.gov.in,4.85,Active,True
AGY-SYNTH-0030,Pune Rural Development Agency (Demo) Unit-5,Rural Development Agency (Demo),Maharashtra,Pune,Nodal Officer (Demo Code 030),officer.demo.0030@pune.synthetic.gov.in,4.36,Active,True
AGY-SYNTH-0031,Kanpur Nagar State Renewable Energy Development Corp (Demo) Unit-1,State Renewable Energy Development Corp (Demo),Uttar Pradesh,Kanpur Nagar,Nodal Officer (Demo Code 031),officer.demo.0031@kanpurnagar.synthetic.gov.in,3.39,Active,True
AGY-SYNTH-0032,Kolkata Public Works Dept (Demo) Unit-2,Public Works Dept (Demo),West Bengal,Kolkata,Nodal Officer (Demo Code 032),officer.demo.0032@kolkata.synthetic.gov.in,4.82,Active,True
AGY-SYNTH-0033,Varanasi Municipal Engineering Cell (Demo) Unit-3,Municipal Engineering Cell (Demo),Uttar Pradesh,Varanasi,Nodal Officer (Demo Code 033),officer.demo.0033@varanasi.synthetic.gov.in,4.06,Active,True
AGY-SYNTH-0034,Gaya Zilla Parishad Engineering Division (Demo) Unit-4,Zilla Parishad Engineering Division (Demo),Bihar,Gaya,Nodal Officer (Demo Code 034),officer.demo.0034@gaya.synthetic.gov.in,4.63,Active,True
AGY-SYNTH-0035,Dharwad Municipal Engineering Cell (Demo) Unit-5,Municipal Engineering Cell (Demo),Karnataka,Dharwad,Nodal Officer (Demo Code 035),officer.demo.0035@dharwad.synthetic.gov.in,3.84,Active,True
AGY-SYNTH-0036,Cuttack Public Works Dept (Demo) Unit-1,Public Works Dept (Demo),Odisha,Cuttack,Nodal Officer (Demo Code 036),officer.demo.0036@cuttack.synthetic.gov.in,4.22,Active,True
AGY-SYNTH-0037,Madurai State Renewable Energy Development Corp (Demo) Unit-2,State Renewable Energy Development Corp (Demo),Tamil Nadu,Madurai,Nodal Officer (Demo Code 037),officer.demo.0037@madurai.synthetic.gov.in,4.69,Active,True
AGY-SYNTH-0038,Prayagraj Water Supply & Sanitation Board (Demo) Unit-3,Water Supply & Sanitation Board (Demo),Uttar Pradesh,Prayagraj,Nodal Officer (Demo Code 038),officer.demo.0038@prayagraj.synthetic.gov.in,3.3,Active,True
AGY-SYNTH-0039,Chennai Rural Development Agency (Demo) Unit-4,Rural Development Agency (Demo),Tamil Nadu,Chennai,Nodal Officer (Demo Code 039),officer.demo.0039@chennai.synthetic.gov.in,4.44,Active,True
AGY-SYNTH-0040,Khordha Municipal Engineering Cell (Demo) Unit-5,Municipal Engineering Cell (Demo),Odisha,Khordha,Nodal Officer (Demo Code 040),officer.demo.0040@khordha.synthetic.gov.in,3.42,Active,True
AGY-SYNTH-0041,Kozhikode Municipal Engineering Cell (Demo) Unit-1,Municipal Engineering Cell (Demo),Kerala,Kozhikode,Nodal Officer (Demo Code 041),officer.demo.0041@kozhikode.synthetic.gov.in,3.65,Active,True
AGY-SYNTH-0042,Vadodara Water Supply & Sanitation Board (Demo) Unit-2,Water Supply & Sanitation Board (Demo),Gujarat,Vadodara,Nodal Officer (Demo Code 042),officer.demo.0042@vadodara.synthetic.gov.in,4.78,Active,True
AGY-SYNTH-0043,Kamrup Metropolitan Water Supply & Sanitation Board (Demo) Unit-3,Water Supply & Sanitation Board (Demo),Assam,Kamrup Metropolitan,Nodal Officer (Demo Code 043),officer.demo.0043@kamrupmetropolitan.synthetic.gov.in,4.41,Active,True
AGY-SYNTH-0044,Hyderabad State Renewable Energy Development Corp (Demo) Unit-4,State Renewable Energy Development Corp (Demo),Telangana,Hyderabad,Nodal Officer (Demo Code 044),officer.demo.0044@hyderabad.synthetic.gov.in,3.94,Active,True
AGY-SYNTH-0045,Madurai Water Supply & Sanitation Board (Demo) Unit-5,Water Supply & Sanitation Board (Demo),Tamil Nadu,Madurai,Nodal Officer (Demo Code 045),officer.demo.0045@madurai.synthetic.gov.in,3.58,Active,True
AGY-SYNTH-0046,Indore Water Supply & Sanitation Board (Demo) Unit-1,Water Supply & Sanitation Board (Demo),Madhya Pradesh,Indore,Nodal Officer (Demo Code 046),officer.demo.0046@indore.synthetic.gov.in,4.2,Suspended (Demo),True
AGY-SYNTH-0047,Dibrugarh Public Works Dept (Demo) Unit-2,Public Works Dept (Demo),Assam,Dibrugarh,Nodal Officer (Demo Code 047),officer.demo.0047@dibrugarh.synthetic.gov.in,3.59,Active,True
AGY-SYNTH-0048,Jodhpur Rural Development Agency (Demo) Unit-3,Rural Development Agency (Demo),Rajasthan,Jodhpur,Nodal Officer (Demo Code 048),officer.demo.0048@jodhpur.synthetic.gov.in,4.07,Active,True
AGY-SYNTH-0049,Darjeeling Water Supply & Sanitation Board (Demo) Unit-4,Water Supply & Sanitation Board (Demo),West Bengal,Darjeeling,Nodal Officer (Demo Code 049),officer.demo.0049@darjeeling.synthetic.gov.in,4.12,Active,True
AGY-SYNTH-0050,Bhopal State Sports Infrastructure Authority (Demo) Unit-5,State Sports Infrastructure Authority (Demo),Madhya Pradesh,Bhopal,Nodal Officer (Demo Code 050),officer.demo.0050@bhopal.synthetic.gov.in,3.61,Active,True
AGY-SYNTH-0051,Surat Water Supply & Sanitation Board (Demo) Unit-1,Water Supply & Sanitation Board (Demo),Gujarat,Surat,Nodal Officer (Demo Code 051),officer.demo.0051@surat.synthetic.gov.in,3.36,Active,True
AGY-SYNTH-0052,Udaipur Irrigation & Flood Management Dept (Demo) Unit-2,Irrigation & Flood Management Dept (Demo),Rajasthan,Udaipur,Nodal Officer (Demo Code 052),officer.demo.0052@udaipur.synthetic.gov.in,3.9,Active,True
AGY-SYNTH-0053,Aurangabad Rural Development Agency (Demo) Unit-3,Rural Development Agency (Demo),Maharashtra,Aurangabad,Nodal Officer (Demo Code 053),officer.demo.0053@aurangabad.synthetic.gov.in,3.3,Active,True
AGY-SYNTH-0054,Krishna Rural Development Agency (Demo) Unit-4,Rural Development Agency (Demo),Andhra Pradesh,Krishna,Nodal Officer (Demo Code 054),officer.demo.0054@krishna.synthetic.gov.in,3.62,Active,True
AGY-SYNTH-0055,Rajkot Municipal Engineering Cell (Demo) Unit-5,Municipal Engineering Cell (Demo),Gujarat,Rajkot,Nodal Officer (Demo Code 055),officer.demo.0055@rajkot.synthetic.gov.in,3.92,Active,True
AGY-SYNTH-0056,Lucknow Rural Development Agency (Demo) Unit-1,Rural Development Agency (Demo),Uttar Pradesh,Lucknow,Nodal Officer (Demo Code 056),officer.demo.0056@lucknow.synthetic.gov.in,3.95,Active,True
AGY-SYNTH-0057,Kozhikode Rural Development Agency (Demo) Unit-2,Rural Development Agency (Demo),Kerala,Kozhikode,Nodal Officer (Demo Code 057),officer.demo.0057@kozhikode.synthetic.gov.in,3.29,Active,True
AGY-SYNTH-0058,Pune Rural Development Agency (Demo) Unit-3,Rural Development Agency (Demo),Maharashtra,Pune,Nodal Officer (Demo Code 058),officer.demo.0058@pune.synthetic.gov.in,4.77,Active,True
AGY-SYNTH-0059,Bengaluru Urban Irrigation & Flood Management Dept (Demo) Unit-4,Irrigation & Flood Management Dept (Demo),Karnataka,Bengaluru Urban,Nodal Officer (Demo Code 059),officer.demo.0059@bengaluruurban.synthetic.gov.in,4.03,Active,True
AGY-SYNTH-0060,Ahmedabad Public Works Dept (Demo) Unit-5,Public Works Dept (Demo),Gujarat,Ahmedabad,Nodal Officer (Demo Code 060),officer.demo.0060@ahmedabad.synthetic.gov.in,3.48,Suspended (Demo),True
AGY-SYNTH-0061,Ajmer Zilla Parishad Engineering Division (Demo) Unit-1,Zilla Parishad Engineering Division (Demo),Rajasthan,Ajmer,Nodal Officer (Demo Code 061),officer.demo.0061@ajmer.synthetic.gov.in,4.78,Active,True
AGY-SYNTH-0062,Agra Irrigation & Flood Management Dept (Demo) Unit-2,Irrigation & Flood Management Dept (Demo),Uttar Pradesh,Agra,Nodal Officer (Demo Code 062),officer.demo.0062@agra.synthetic.gov.in,4.38,Active,True
AGY-SYNTH-0063,Visakhapatnam State Sports Infrastructure Authority (Demo) Unit-3,State Sports Infrastructure Authority (Demo),Andhra Pradesh,Visakhapatnam,Nodal Officer (Demo Code 063),officer.demo.0063@visakhapatnam.synthetic.gov.in,3.46,Active,True
AGY-SYNTH-0064,Aurangabad Public Works Dept (Demo) Unit-4,Public Works Dept (Demo),Maharashtra,Aurangabad,Nodal Officer (Demo Code 064),officer.demo.0064@aurangabad.synthetic.gov.in,4.47,Active,True
AGY-SYNTH-0065,Indore State Sports Infrastructure Authority (Demo) Unit-5,State Sports Infrastructure Authority (Demo),Madhya Pradesh,Indore,Nodal Officer (Demo Code 065),officer.demo.0065@indore.synthetic.gov.in,4.05,Active,True
AGY-SYNTH-0066,Bengaluru Urban Public Works Dept (Demo) Unit-1,Public Works Dept (Demo),Karnataka,Bengaluru Urban,Nodal Officer (Demo Code 066),officer.demo.0066@bengaluruurban.synthetic.gov.in,4.83,Active,True
AGY-SYNTH-0067,Mysuru Rural Development Agency (Demo) Unit-2,Rural Development Agency (Demo),Karnataka,Mysuru,Nodal Officer (Demo Code 067),officer.demo.0067@mysuru.synthetic.gov.in,4.21,Active,True
AGY-SYNTH-0068,Lucknow Irrigation & Flood Management Dept (Demo) Unit-3,Irrigation & Flood Management Dept (Demo),Uttar Pradesh,Lucknow,Nodal Officer (Demo Code 068),officer.demo.0068@lucknow.synthetic.gov.in,3.4,Active,True
AGY-SYNTH-0069,Lucknow Public Works Dept (Demo) Unit-4,Public Works Dept (Demo),Uttar Pradesh,Lucknow,Nodal Officer (Demo Code 069),officer.demo.0069@lucknow.synthetic.gov.in,4.25,Active,True
AGY-SYNTH-0070,Indore State Renewable Energy Development Corp (Demo) Unit-5,State Renewable Energy Development Corp (Demo),Madhya Pradesh,Indore,Nodal Officer (Demo Code 070),officer.demo.0070@indore.synthetic.gov.in,4.79,Active,True
AGY-SYNTH-0071,Dibrugarh State Renewable Energy Development Corp (Demo) Unit-1,State Renewable Energy Development Corp (Demo),Assam,Dibrugarh,Nodal Officer (Demo Code 071),officer.demo.0071@dibrugarh.synthetic.gov.in,3.61,Active,True
AGY-SYNTH-0072,Hyderabad Zilla Parishad Engineering Division (Demo) Unit-2,Zilla Parishad Engineering Division (Demo),Telangana,Hyderabad,Nodal Officer (Demo Code 072),officer.demo.0072@hyderabad.synthetic.gov.in,3.98,Active,True
AGY-SYNTH-0073,Thane Public Works Dept (Demo) Unit-3,Public Works Dept (Demo),Maharashtra,Thane,Nodal Officer (Demo Code 073),officer.demo.0073@thane.synthetic.gov.in,3.98,Active,True
AGY-SYNTH-0074,Coimbatore Rural Development Agency (Demo) Unit-4,Rural Development Agency (Demo),Tamil Nadu,Coimbatore,Nodal Officer (Demo Code 074),officer.demo.0074@coimbatore.synthetic.gov.in,4.11,Active,True
AGY-SYNTH-0075,Tiruchirappalli State Renewable Energy Development Corp (Demo) Unit-5,State Renewable Energy Development Corp (Demo),Tamil Nadu,Tiruchirappalli,Nodal Officer (Demo Code 075),officer.demo.0075@tiruchirappalli.synthetic.gov.in,4.7,Active,True
AGY-SYNTH-0076,Kota Zilla Parishad Engineering Division (Demo) Unit-1,Zilla Parishad Engineering Division (Demo),Rajasthan,Kota,Nodal Officer (Demo Code 076),officer.demo.0076@kota.synthetic.gov.in,3.47,Active,True
AGY-SYNTH-0077,Dibrugarh Zilla Parishad Engineering Division (Demo) Unit-2,Zilla Parishad Engineering Division (Demo),Assam,Dibrugarh,Nodal Officer (Demo Code 077),officer.demo.0077@dibrugarh.synthetic.gov.in,4.24,Active,True
AGY-SYNTH-0078,Muzaffarpur Public Works Dept (Demo) Unit-3,Public Works Dept (Demo),Bihar,Muzaffarpur,Nodal Officer (Demo Code 078),officer.demo.0078@muzaffarpur.synthetic.gov.in,4.34,Active,True
AGY-SYNTH-0079,Hyderabad Rural Development Agency (Demo) Unit-4,Rural Development Agency (Demo),Telangana,Hyderabad,Nodal Officer (Demo Code 079),officer.demo.0079@hyderabad.synthetic.gov.in,4.8,Active,True
AGY-SYNTH-0080,Madurai Rural Development Agency (Demo) Unit-5,Rural Development Agency (Demo),Tamil Nadu,Madurai,Nodal Officer (Demo Code 080),officer.demo.0080@madurai.synthetic.gov.in,4.46,Active,True
AGY-SYNTH-0081,Agra Water Supply & Sanitation Board (Demo) Unit-1,Water Supply & Sanitation Board (Demo),Uttar Pradesh,Agra,Nodal Officer (Demo Code 081),officer.demo.0081@agra.synthetic.gov.in,4.42,Active,True
AGY-SYNTH-0082,Gaya Zilla Parishad Engineering Division (Demo) Unit-2,Zilla Parishad Engineering Division (Demo),Bihar,Gaya,Nodal Officer (Demo Code 082),officer.demo.0082@gaya.synthetic.gov.in,4.06,Active,True
AGY-SYNTH-0083,Aurangabad Rural Development Agency (Demo) Unit-3,Rural Development Agency (Demo),Maharashtra,Aurangabad,Nodal Officer (Demo Code 083),officer.demo.0083@aurangabad.synthetic.gov.in,4.28,Active,True
AGY-SYNTH-0084,Nashik Public Works Dept (Demo) Unit-4,Public Works Dept (Demo),Maharashtra,Nashik,Nodal Officer (Demo Code 084),officer.demo.0084@nashik.synthetic.gov.in,3.77,Active,True
AGY-SYNTH-0085,Varanasi Municipal Engineering Cell (Demo) Unit-5,Municipal Engineering Cell (Demo),Uttar Pradesh,Varanasi,Nodal Officer (Demo Code 085),officer.demo.0085@varanasi.synthetic.gov.in,4.46,Active,True
AGY-SYNTH-0086,Vadodara Public Works Dept (Demo) Unit-1,Public Works Dept (Demo),Gujarat,Vadodara,Nodal Officer (Demo Code 086),officer.demo.0086@vadodara.synthetic.gov.in,3.39,Active,True
AGY-SYNTH-0087,Kamrup Metropolitan Municipal Engineering Cell (Demo) Unit-2,Municipal Engineering Cell (Demo),Assam,Kamrup Metropolitan,Nodal Officer (Demo Code 087),officer.demo.0087@kamrupmetropolitan.synthetic.gov.in,4.13,Active,True
AGY-SYNTH-0088,Indore Municipal Engineering Cell (Demo) Unit-3,Municipal Engineering Cell (Demo),Madhya Pradesh,Indore,Nodal Officer (Demo Code 088),officer.demo.0088@indore.synthetic.gov.in,3.93,Suspended (Demo),True
AGY-SYNTH-0089,Kota Public Works Dept (Demo) Unit-4,Public Works Dept (Demo),Rajasthan,Kota,Nodal Officer (Demo Code 089),officer.demo.0089@kota.synthetic.gov.in,4.73,Active,True
AGY-SYNTH-0090,Lucknow Rural Development Agency (Demo) Unit-5,Rural Development Agency (Demo),Uttar Pradesh,Lucknow,Nodal Officer (Demo Code 090),officer.demo.0090@lucknow.synthetic.gov.in,3.8,Active,True
AGY-SYNTH-0091,Surat Municipal Engineering Cell (Demo) Unit-1,Municipal Engineering Cell (Demo),Gujarat,Surat,Nodal Officer (Demo Code 091),officer.demo.0091@surat.synthetic.gov.in,4.77,Active,True
AGY-SYNTH-0092,Bengaluru Urban Municipal Engineering Cell (Demo) Unit-2,Municipal Engineering Cell (Demo),Karnataka,Bengaluru Urban,Nodal Officer (Demo Code 092),officer.demo.0092@bengaluruurban.synthetic.gov.in,4.7,Suspended (Demo),True
AGY-SYNTH-0093,Ludhiana State Renewable Energy Development Corp (Demo) Unit-3,State Renewable Energy Development Corp (Demo),Punjab,Ludhiana,Nodal Officer (Demo Code 093),officer.demo.0093@ludhiana.synthetic.gov.in,4.53,Active,True
AGY-SYNTH-0094,Hyderabad Water Supply & Sanitation Board (Demo) Unit-4,Water Supply & Sanitation Board (Demo),Telangana,Hyderabad,Nodal Officer (Demo Code 094),officer.demo.0094@hyderabad.synthetic.gov.in,3.65,Active,True
AGY-SYNTH-0095,Coimbatore Irrigation & Flood Management Dept (Demo) Unit-5,Irrigation & Flood Management Dept (Demo),Tamil Nadu,Coimbatore,Nodal Officer (Demo Code 095),officer.demo.0095@coimbatore.synthetic.gov.in,4.68,Active,True
AGY-SYNTH-0096,Dakshina Kannada Water Supply & Sanitation Board (Demo) Unit-1,Water Supply & Sanitation Board (Demo),Karnataka,Dakshina Kannada,Nodal Officer (Demo Code 096),officer.demo.0096@dakshinakannada.synthetic.gov.in,4.59,Active,True
AGY-SYNTH-0097,Prayagraj Water Supply & Sanitation Board (Demo) Unit-2,Water Supply & Sanitation Board (Demo),Uttar Pradesh,Prayagraj,Nodal Officer (Demo Code 097),officer.demo.0097@prayagraj.synthetic.gov.in,3.58,Active,True
AGY-SYNTH-0098,Ahmedabad State Renewable Energy Development Corp (Demo) Unit-3,State Renewable Energy Development Corp (Demo),Gujarat,Ahmedabad,Nodal Officer (Demo Code 098),officer.demo.0098@ahmedabad.synthetic.gov.in,3.67,Active,True
AGY-SYNTH-0099,Cuttack Zilla Parishad Engineering Division (Demo) Unit-4,Zilla Parishad Engineering Division (Demo),Odisha,Cuttack,Nodal Officer (Demo Code 099),officer.demo.0099@cuttack.synthetic.gov.in,3.8,Active,True
AGY-SYNTH-0100,Warangal State Renewable Energy Development Corp (Demo) Unit-5,State Renewable Energy Development Corp (Demo),Telangana,Warangal,Nodal Officer (Demo Code 100),officer.demo.0100@warangal.synthetic.gov.in,4.8,Active,True
AGY-SYNTH-0101,Varanasi Municipal Engineering Cell (Demo) Unit-1,Municipal Engineering Cell (Demo),Uttar Pradesh,Varanasi,Nodal Officer (Demo Code 101),officer.demo.0101@varanasi.synthetic.gov.in,4.19,Active,True
AGY-SYNTH-0102,Nashik Rural Development Agency (Demo) Unit-2,Rural Development Agency (Demo),Maharashtra,Nashik,Nodal Officer (Demo Code 102),officer.demo.0102@nashik.synthetic.gov.in,4.21,Active,True
AGY-SYNTH-0103,Visakhapatnam State Renewable Energy Development Corp (Demo) Unit-3,State Renewable Energy Development Corp (Demo),Andhra Pradesh,Visakhapatnam,Nodal Officer (Demo Code 103),officer.demo.0103@visakhapatnam.synthetic.gov.in,3.94,Active,True
AGY-SYNTH-0104,Madurai Irrigation & Flood Management Dept (Demo) Unit-4,Irrigation & Flood Management Dept (Demo),Tamil Nadu,Madurai,Nodal Officer (Demo Code 104),officer.demo.0104@madurai.synthetic.gov.in,4.73,Active,True
AGY-SYNTH-0105,Nashik Irrigation & Flood Management Dept (Demo) Unit-5,Irrigation & Flood Management Dept (Demo),Maharashtra,Nashik,Nodal Officer (Demo Code 105),officer.demo.0105@nashik.synthetic.gov.in,3.2,Active,True
AGY-SYNTH-0106,Ernakulam Water Supply & Sanitation Board (Demo) Unit-1,Water Supply & Sanitation Board (Demo),Kerala,Ernakulam,Nodal Officer (Demo Code 106),officer.demo.0106@ernakulam.synthetic.gov.in,3.82,Active,True
AGY-SYNTH-0107,Hyderabad State Renewable Energy Development Corp (Demo) Unit-2,State Renewable Energy Development Corp (Demo),Telangana,Hyderabad,Nodal Officer (Demo Code 107),officer.demo.0107@hyderabad.synthetic.gov.in,4.26,Active,True
AGY-SYNTH-0108,Madurai Zilla Parishad Engineering Division (Demo) Unit-3,Zilla Parishad Engineering Division (Demo),Tamil Nadu,Madurai,Nodal Officer (Demo Code 108),officer.demo.0108@madurai.synthetic.gov.in,4.06,Active,True
AGY-SYNTH-0109,Jaipur Irrigation & Flood Management Dept (Demo) Unit-4,Irrigation & Flood Management Dept (Demo),Rajasthan,Jaipur,Nodal Officer (Demo Code 109),officer.demo.0109@jaipur.synthetic.gov.in,4.39,Active,True
AGY-SYNTH-0110,Dharwad Irrigation & Flood Management Dept (Demo) Unit-5,Irrigation & Flood Management Dept (Demo),Karnataka,Dharwad,Nodal Officer (Demo Code 110),officer.demo.0110@dharwad.synthetic.gov.in,4.33,Active,True
AGY-SYNTH-0111,Ludhiana Municipal Engineering Cell (Demo) Unit-1,Municipal Engineering Cell (Demo),Punjab,Ludhiana,Nodal Officer (Demo Code 111),officer.demo.0111@ludhiana.synthetic.gov.in,4.25,Active,True
AGY-SYNTH-0112,Kozhikode Public Works Dept (Demo) Unit-2,Public Works Dept (Demo),Kerala,Kozhikode,Nodal Officer (Demo Code 112),officer.demo.0112@kozhikode.synthetic.gov.in,3.72,Active,True
AGY-SYNTH-0113,Visakhapatnam State Renewable Energy Development Corp (Demo) Unit-3,State Renewable Energy Development Corp (Demo),Andhra Pradesh,Visakhapatnam,Nodal Officer (Demo Code 113),officer.demo.0113@visakhapatnam.synthetic.gov.in,3.99,Active,True
AGY-SYNTH-0114,Belagavi State Sports Infrastructure Authority (Demo) Unit-4,State Sports Infrastructure Authority (Demo),Karnataka,Belagavi,Nodal Officer (Demo Code 114),officer.demo.0114@belagavi.synthetic.gov.in,4.55,Active,True
AGY-SYNTH-0115,Ludhiana Municipal Engineering Cell (Demo) Unit-5,Municipal Engineering Cell (Demo),Punjab,Ludhiana,Nodal Officer (Demo Code 115),officer.demo.0115@ludhiana.synthetic.gov.in,4.32,Active,True
AGY-SYNTH-0116,Hyderabad State Renewable Energy Development Corp (Demo) Unit-1,State Renewable Energy Development Corp (Demo),Telangana,Hyderabad,Nodal Officer (Demo Code 116),officer.demo.0116@hyderabad.synthetic.gov.in,3.36,Active,True
AGY-SYNTH-0117,Lucknow Zilla Parishad Engineering Division (Demo) Unit-2,Zilla Parishad Engineering Division (Demo),Uttar Pradesh,Lucknow,Nodal Officer (Demo Code 117),officer.demo.0117@lucknow.synthetic.gov.in,3.58,Active,True
AGY-SYNTH-0118,Nagpur Public Works Dept (Demo) Unit-3,Public Works Dept (Demo),Maharashtra,Nagpur,Nodal Officer (Demo Code 118),officer.demo.0118@nagpur.synthetic.gov.in,3.62,Active,True
AGY-SYNTH-0119,Cuttack Rural Development Agency (Demo) Unit-4,Rural Development Agency (Demo),Odisha,Cuttack,Nodal Officer (Demo Code 119),officer.demo.0119@cuttack.synthetic.gov.in,3.97,Active,True
AGY-SYNTH-0120,Bhopal Water Supply & Sanitation Board (Demo) Unit-5,Water Supply & Sanitation Board (Demo),Madhya Pradesh,Bhopal,Nodal Officer (Demo Code 120),officer.demo.0120@bhopal.synthetic.gov.in,4.42,Active,True
AGY-SYNTH-0121,Ahmedabad Water Supply & Sanitation Board (Demo) Unit-1,Water Supply & Sanitation Board (Demo),Gujarat,Ahmedabad,Nodal Officer (Demo Code 121),officer.demo.0121@ahmedabad.synthetic.gov.in,3.45,Active,True
AGY-SYNTH-0122,Khordha Rural Development Agency (Demo) Unit-2,Rural Development Agency (Demo),Odisha,Khordha,Nodal Officer (Demo Code 122),officer.demo.0122@khordha.synthetic.gov.in,4.52,Active,True
AGY-SYNTH-0123,Krishna State Sports Infrastructure Authority (Demo) Unit-3,State Sports Infrastructure Authority (Demo),Andhra Pradesh,Krishna,Nodal Officer (Demo Code 123),officer.demo.0123@krishna.synthetic.gov.in,3.29,Active,True
AGY-SYNTH-0124,Madurai State Sports Infrastructure Authority (Demo) Unit-4,State Sports Infrastructure Authority (Demo),Tamil Nadu,Madurai,Nodal Officer (Demo Code 124),officer.demo.0124@madurai.synthetic.gov.in,3.43,Active,True
AGY-SYNTH-0125,Thiruvananthapuram State Renewable Energy Development Corp (Demo) Unit-5,State Renewable Energy Development Corp (Demo),Kerala,Thiruvananthapuram,Nodal Officer (Demo Code 125),officer.demo.0125@thiruvananthapuram.synthetic.gov.in,4.82,Active,True
AGY-SYNTH-0126,Patna Irrigation & Flood Management Dept (Demo) Unit-1,Irrigation & Flood Management Dept (Demo),Bihar,Patna,Nodal Officer (Demo Code 126),officer.demo.0126@patna.synthetic.gov.in,4.61,Active,True
AGY-SYNTH-0127,Bengaluru Urban State Sports Infrastructure Authority (Demo) Unit-2,State Sports Infrastructure Authority (Demo),Karnataka,Bengaluru Urban,Nodal Officer (Demo Code 127),officer.demo.0127@bengaluruurban.synthetic.gov.in,3.97,Active,True
AGY-SYNTH-0128,Gaya Zilla Parishad Engineering Division (Demo) Unit-3,Zilla Parishad Engineering Division (Demo),Bihar,Gaya,Nodal Officer (Demo Code 128),officer.demo.0128@gaya.synthetic.gov.in,4.5,Active,True
AGY-SYNTH-0129,Gaya Water Supply & Sanitation Board (Demo) Unit-4,Water Supply & Sanitation Board (Demo),Bihar,Gaya,Nodal Officer (Demo Code 129),officer.demo.0129@gaya.synthetic.gov.in,3.67,Active,True
AGY-SYNTH-0130,Agra Water Supply & Sanitation Board (Demo) Unit-5,Water Supply & Sanitation Board (Demo),Uttar Pradesh,Agra,Nodal Officer (Demo Code 130),officer.demo.0130@agra.synthetic.gov.in,3.66,Active,True
AGY-SYNTH-0131,Ernakulam Rural Development Agency (Demo) Unit-1,Rural Development Agency (Demo),Kerala,Ernakulam,Nodal Officer (Demo Code 131),officer.demo.0131@ernakulam.synthetic.gov.in,3.44,Active,True
AGY-SYNTH-0132,Kamrup Metropolitan Municipal Engineering Cell (Demo) Unit-2,Municipal Engineering Cell (Demo),Assam,Kamrup Metropolitan,Nodal Officer (Demo Code 132),officer.demo.0132@kamrupmetropolitan.synthetic.gov.in,4.4,Active,True
AGY-SYNTH-0133,Surat State Renewable Energy Development Corp (Demo) Unit-3,State Renewable Energy Development Corp (Demo),Gujarat,Surat,Nodal Officer (Demo Code 133),officer.demo.0133@surat.synthetic.gov.in,4.12,Active,True
AGY-SYNTH-0134,Belagavi Irrigation & Flood Management Dept (Demo) Unit-4,Irrigation & Flood Management Dept (Demo),Karnataka,Belagavi,Nodal Officer (Demo Code 134),officer.demo.0134@belagavi.synthetic.gov.in,3.86,Active,True
AGY-SYNTH-0135,Kamrup Metropolitan Public Works Dept (Demo) Unit-5,Public Works Dept (Demo),Assam,Kamrup Metropolitan,Nodal Officer (Demo Code 135),officer.demo.0135@kamrupmetropolitan.synthetic.gov.in,4.66,Active,True
AGY-SYNTH-0136,Ajmer State Sports Infrastructure Authority (Demo) Unit-1,State Sports Infrastructure Authority (Demo),Rajasthan,Ajmer,Nodal Officer (Demo Code 136),officer.demo.0136@ajmer.synthetic.gov.in,3.21,Active,True
AGY-SYNTH-0137,Khordha Irrigation & Flood Management Dept (Demo) Unit-2,Irrigation & Flood Management Dept (Demo),Odisha,Khordha,Nodal Officer (Demo Code 137),officer.demo.0137@khordha.synthetic.gov.in,4.65,Active,True
AGY-SYNTH-0138,Surat Water Supply & Sanitation Board (Demo) Unit-3,Water Supply & Sanitation Board (Demo),Gujarat,Surat,Nodal Officer (Demo Code 138),officer.demo.0138@surat.synthetic.gov.in,4.03,Active,True
AGY-SYNTH-0139,Darjeeling Public Works Dept (Demo) Unit-4,Public Works Dept (Demo),West Bengal,Darjeeling,Nodal Officer (Demo Code 139),officer.demo.0139@darjeeling.synthetic.gov.in,3.86,Active,True
AGY-SYNTH-0140,Krishna Irrigation & Flood Management Dept (Demo) Unit-5,Irrigation & Flood Management Dept (Demo),Andhra Pradesh,Krishna,Nodal Officer (Demo Code 140),officer.demo.0140@krishna.synthetic.gov.in,4.43,Active,True
AGY-SYNTH-0141,Tiruchirappalli Public Works Dept (Demo) Unit-1,Public Works Dept (Demo),Tamil Nadu,Tiruchirappalli,Nodal Officer (Demo Code 141),officer.demo.0141@tiruchirappalli.synthetic.gov.in,4.74,Active,True
AGY-SYNTH-0142,Hyderabad Public Works Dept (Demo) Unit-2,Public Works Dept (Demo),Telangana,Hyderabad,Nodal Officer (Demo Code 142),officer.demo.0142@hyderabad.synthetic.gov.in,3.34,Active,True
AGY-SYNTH-0143,Kolkata Municipal Engineering Cell (Demo) Unit-3,Municipal Engineering Cell (Demo),West Bengal,Kolkata,Nodal Officer (Demo Code 143),officer.demo.0143@kolkata.synthetic.gov.in,3.29,Active,True
AGY-SYNTH-0144,Belagavi State Sports Infrastructure Authority (Demo) Unit-4,State Sports Infrastructure Authority (Demo),Karnataka,Belagavi,Nodal Officer (Demo Code 144),officer.demo.0144@belagavi.synthetic.gov.in,3.76,Active,True
AGY-SYNTH-0145,Ajmer Zilla Parishad Engineering Division (Demo) Unit-5,Zilla Parishad Engineering Division (Demo),Rajasthan,Ajmer,Nodal Officer (Demo Code 145),officer.demo.0145@ajmer.synthetic.gov.in,4.48,Active,True
AGY-SYNTH-0146,Varanasi Rural Development Agency (Demo) Unit-1,Rural Development Agency (Demo),Uttar Pradesh,Varanasi,Nodal Officer (Demo Code 146),officer.demo.0146@varanasi.synthetic.gov.in,4.0,Active,True
AGY-SYNTH-0147,Aurangabad State Renewable Energy Development Corp (Demo) Unit-2,State Renewable Energy Development Corp (Demo),Maharashtra,Aurangabad,Nodal Officer (Demo Code 147),officer.demo.0147@aurangabad.synthetic.gov.in,3.58,Active,True
AGY-SYNTH-0148,Muzaffarpur Public Works Dept (Demo) Unit-3,Public Works Dept (Demo),Bihar,Muzaffarpur,Nodal Officer (Demo Code 148),officer.demo.0148@muzaffarpur.synthetic.gov.in,4.48,Active,True
AGY-SYNTH-0149,Dharwad Public Works Dept (Demo) Unit-4,Public Works Dept (Demo),Karnataka,Dharwad,Nodal Officer (Demo Code 149),officer.demo.0149@dharwad.synthetic.gov.in,4.26,Active,True
AGY-SYNTH-0150,North 24 Parganas Rural Development Agency (Demo) Unit-5,Rural Development Agency (Demo),West Bengal,North 24 Parganas,Nodal Officer (Demo Code 150),officer.demo.0150@north24parganas.synthetic.gov.in,4.16,Active,True
AGY-SYNTH-0151,Kamrup Metropolitan Zilla Parishad Engineering Division (Demo) Unit-1,Zilla Parishad Engineering Division (Demo),Assam,Kamrup Metropolitan,Nodal Officer (Demo Code 151),officer.demo.0151@kamrupmetropolitan.synthetic.gov.in,4.5,Active,True
AGY-SYNTH-0152,Gwalior Rural Development Agency (Demo) Unit-2,Rural Development Agency (Demo),Madhya Pradesh,Gwalior,Nodal Officer (Demo Code 152),officer.demo.0152@gwalior.synthetic.gov.in,4.52,Active,True
AGY-SYNTH-0153,Prayagraj Rural Development Agency (Demo) Unit-3,Rural Development Agency (Demo),Uttar Pradesh,Prayagraj,Nodal Officer (Demo Code 153),officer.demo.0153@prayagraj.synthetic.gov.in,4.18,Active,True
AGY-SYNTH-0154,Bhopal Irrigation & Flood Management Dept (Demo) Unit-4,Irrigation & Flood Management Dept (Demo),Madhya Pradesh,Bhopal,Nodal Officer (Demo Code 154),officer.demo.0154@bhopal.synthetic.gov.in,3.87,Active,True
AGY-SYNTH-0155,Thane Water Supply & Sanitation Board (Demo) Unit-5,Water Supply & Sanitation Board (Demo),Maharashtra,Thane,Nodal Officer (Demo Code 155),officer.demo.0155@thane.synthetic.gov.in,3.37,Active,True
AGY-SYNTH-0156,Warangal Rural Development Agency (Demo) Unit-1,Rural Development Agency (Demo),Telangana,Warangal,Nodal Officer (Demo Code 156),officer.demo.0156@warangal.synthetic.gov.in,4.55,Active,True
AGY-SYNTH-0157,Nashik State Renewable Energy Development Corp (Demo) Unit-2,State Renewable Energy Development Corp (Demo),Maharashtra,Nashik,Nodal Officer (Demo Code 157),officer.demo.0157@nashik.synthetic.gov.in,4.11,Active,True
AGY-SYNTH-0158,Thane State Renewable Energy Development Corp (Demo) Unit-3,State Renewable Energy Development Corp (Demo),Maharashtra,Thane,Nodal Officer (Demo Code 158),officer.demo.0158@thane.synthetic.gov.in,3.22,Active,True
AGY-SYNTH-0159,Darjeeling Rural Development Agency (Demo) Unit-4,Rural Development Agency (Demo),West Bengal,Darjeeling,Nodal Officer (Demo Code 159),officer.demo.0159@darjeeling.synthetic.gov.in,3.94,Active,True
AGY-SYNTH-0160,Kolkata Municipal Engineering Cell (Demo) Unit-5,Municipal Engineering Cell (Demo),West Bengal,Kolkata,Nodal Officer (Demo Code 160),officer.demo.0160@kolkata.synthetic.gov.in,3.94,Active,True
AGY-SYNTH-0161,Muzaffarpur Zilla Parishad Engineering Division (Demo) Unit-1,Zilla Parishad Engineering Division (Demo),Bihar,Muzaffarpur,Nodal Officer (Demo Code 161),officer.demo.0161@muzaffarpur.synthetic.gov.in,4.25,Active,True
AGY-SYNTH-0162,Cuttack State Sports Infrastructure Authority (Demo) Unit-2,State Sports Infrastructure Authority (Demo),Odisha,Cuttack,Nodal Officer (Demo Code 162),officer.demo.0162@cuttack.synthetic.gov.in,3.99,Active,True
AGY-SYNTH-0163,Indore Zilla Parishad Engineering Division (Demo) Unit-3,Zilla Parishad Engineering Division (Demo),Madhya Pradesh,Indore,Nodal Officer (Demo Code 163),officer.demo.0163@indore.synthetic.gov.in,3.75,Active,True
AGY-SYNTH-0164,Chennai Zilla Parishad Engineering Division (Demo) Unit-4,Zilla Parishad Engineering Division (Demo),Tamil Nadu,Chennai,Nodal Officer (Demo Code 164),officer.demo.0164@chennai.synthetic.gov.in,4.7,Active,True
AGY-SYNTH-0165,Kolkata Irrigation & Flood Management Dept (Demo) Unit-5,Irrigation & Flood Management Dept (Demo),West Bengal,Kolkata,Nodal Officer (Demo Code 165),officer.demo.0165@kolkata.synthetic.gov.in,3.77,Active,True
AGY-SYNTH-0166,Jaipur Municipal Engineering Cell (Demo) Unit-1,Municipal Engineering Cell (Demo),Rajasthan,Jaipur,Nodal Officer (Demo Code 166),officer.demo.0166@jaipur.synthetic.gov.in,4.03,Active,True
AGY-SYNTH-0167,Varanasi State Renewable Energy Development Corp (Demo) Unit-2,State Renewable Energy Development Corp (Demo),Uttar Pradesh,Varanasi,Nodal Officer (Demo Code 167),officer.demo.0167@varanasi.synthetic.gov.in,3.68,Active,True
AGY-SYNTH-0168,Kanpur Nagar Public Works Dept (Demo) Unit-3,Public Works Dept (Demo),Uttar Pradesh,Kanpur Nagar,Nodal Officer (Demo Code 168),officer.demo.0168@kanpurnagar.synthetic.gov.in,4.08,Active,True
AGY-SYNTH-0169,Lucknow Irrigation & Flood Management Dept (Demo) Unit-4,Irrigation & Flood Management Dept (Demo),Uttar Pradesh,Lucknow,Nodal Officer (Demo Code 169),officer.demo.0169@lucknow.synthetic.gov.in,4.03,Active,True
AGY-SYNTH-0170,Kamrup Metropolitan State Sports Infrastructure Authority (Demo) Unit-5,State Sports Infrastructure Authority (Demo),Assam,Kamrup Metropolitan,Nodal Officer (Demo Code 170),officer.demo.0170@kamrupmetropolitan.synthetic.gov.in,4.3,Active,True
AGY-SYNTH-0171,Visakhapatnam Public Works Dept (Demo) Unit-1,Public Works Dept (Demo),Andhra Pradesh,Visakhapatnam,Nodal Officer (Demo Code 171),officer.demo.0171@visakhapatnam.synthetic.gov.in,3.36,Active,True
AGY-SYNTH-0172,Kamrup Metropolitan Water Supply & Sanitation Board (Demo) Unit-2,Water Supply & Sanitation Board (Demo),Assam,Kamrup Metropolitan,Nodal Officer (Demo Code 172),officer.demo.0172@kamrupmetropolitan.synthetic.gov.in,3.72,Active,True
AGY-SYNTH-0173,North 24 Parganas State Renewable Energy Development Corp (Demo) Unit-3,State Renewable Energy Development Corp (Demo),West Bengal,North 24 Parganas,Nodal Officer (Demo Code 173),officer.demo.0173@north24parganas.synthetic.gov.in,3.92,Active,True
AGY-SYNTH-0174,Jodhpur State Renewable Energy Development Corp (Demo) Unit-4,State Renewable Energy Development Corp (Demo),Rajasthan,Jodhpur,Nodal Officer (Demo Code 174),officer.demo.0174@jodhpur.synthetic.gov.in,4.39,Active,True
AGY-SYNTH-0175,Varanasi Water Supply & Sanitation Board (Demo) Unit-5,Water Supply & Sanitation Board (Demo),Uttar Pradesh,Varanasi,Nodal Officer (Demo Code 175),officer.demo.0175@varanasi.synthetic.gov.in,3.41,Active,True
AGY-SYNTH-0176,Madurai Municipal Engineering Cell (Demo) Unit-1,Municipal Engineering Cell (Demo),Tamil Nadu,Madurai,Nodal Officer (Demo Code 176),officer.demo.0176@madurai.synthetic.gov.in,3.53,Active,True
AGY-SYNTH-0177,Kanpur Nagar Zilla Parishad Engineering Division (Demo) Unit-2,Zilla Parishad Engineering Division (Demo),Uttar Pradesh,Kanpur Nagar,Nodal Officer (Demo Code 177),officer.demo.0177@kanpurnagar.synthetic.gov.in,4.87,Active,True
AGY-SYNTH-0178,Agra Water Supply & Sanitation Board (Demo) Unit-3,Water Supply & Sanitation Board (Demo),Uttar Pradesh,Agra,Nodal Officer (Demo Code 178),officer.demo.0178@agra.synthetic.gov.in,3.81,Active,True
AGY-SYNTH-0179,Dibrugarh Municipal Engineering Cell (Demo) Unit-4,Municipal Engineering Cell (Demo),Assam,Dibrugarh,Nodal Officer (Demo Code 179),officer.demo.0179@dibrugarh.synthetic.gov.in,3.67,Active,True
AGY-SYNTH-0180,Kozhikode Zilla Parishad Engineering Division (Demo) Unit-5,Zilla Parishad Engineering Division (Demo),Kerala,Kozhikode,Nodal Officer (Demo Code 180),officer.demo.0180@kozhikode.synthetic.gov.in,4.39,Active,True
AGY-SYNTH-0181,Khordha State Sports Infrastructure Authority (Demo) Unit-1,State Sports Infrastructure Authority (Demo),Odisha,Khordha,Nodal Officer (Demo Code 181),officer.demo.0181@khordha.synthetic.gov.in,3.37,Suspended (Demo),True
AGY-SYNTH-0182,Agra State Sports Infrastructure Authority (Demo) Unit-2,State Sports Infrastructure Authority (Demo),Uttar Pradesh,Agra,Nodal Officer (Demo Code 182),officer.demo.0182@agra.synthetic.gov.in,4.01,Active,True
AGY-SYNTH-0183,Aurangabad Zilla Parishad Engineering Division (Demo) Unit-3,Zilla Parishad Engineering Division (Demo),Maharashtra,Aurangabad,Nodal Officer (Demo Code 183),officer.demo.0183@aurangabad.synthetic.gov.in,4.8,Active,True
AGY-SYNTH-0184,Thane Irrigation & Flood Management Dept (Demo) Unit-4,Irrigation & Flood Management Dept (Demo),Maharashtra,Thane,Nodal Officer (Demo Code 184),officer.demo.0184@thane.synthetic.gov.in,4.04,Active,True
AGY-SYNTH-0185,Warangal Public Works Dept (Demo) Unit-5,Public Works Dept (Demo),Telangana,Warangal,Nodal Officer (Demo Code 185),officer.demo.0185@warangal.synthetic.gov.in,3.46,Active,True
AGY-SYNTH-0186,Prayagraj Rural Development Agency (Demo) Unit-1,Rural Development Agency (Demo),Uttar Pradesh,Prayagraj,Nodal Officer (Demo Code 186),officer.demo.0186@prayagraj.synthetic.gov.in,4.89,Active,True
AGY-SYNTH-0187,Khordha Irrigation & Flood Management Dept (Demo) Unit-2,Irrigation & Flood Management Dept (Demo),Odisha,Khordha,Nodal Officer (Demo Code 187),officer.demo.0187@khordha.synthetic.gov.in,4.23,Active,True
AGY-SYNTH-0188,Dakshina Kannada Irrigation & Flood Management Dept (Demo) Unit-3,Irrigation & Flood Management Dept (Demo),Karnataka,Dakshina Kannada,Nodal Officer (Demo Code 188),officer.demo.0188@dakshinakannada.synthetic.gov.in,3.97,Active,True
AGY-SYNTH-0189,Indore Irrigation & Flood Management Dept (Demo) Unit-4,Irrigation & Flood Management Dept (Demo),Madhya Pradesh,Indore,Nodal Officer (Demo Code 189),officer.demo.0189@indore.synthetic.gov.in,3.72,Active,True
AGY-SYNTH-0190,Patna Rural Development Agency (Demo) Unit-5,Rural Development Agency (Demo),Bihar,Patna,Nodal Officer (Demo Code 190),officer.demo.0190@patna.synthetic.gov.in,4.81,Active,True
AGY-SYNTH-0191,Belagavi Zilla Parishad Engineering Division (Demo) Unit-1,Zilla Parishad Engineering Division (Demo),Karnataka,Belagavi,Nodal Officer (Demo Code 191),officer.demo.0191@belagavi.synthetic.gov.in,4.32,Active,True
AGY-SYNTH-0192,Mysuru Rural Development Agency (Demo) Unit-2,Rural Development Agency (Demo),Karnataka,Mysuru,Nodal Officer (Demo Code 192),officer.demo.0192@mysuru.synthetic.gov.in,3.47,Active,True
AGY-SYNTH-0193,Kamrup Metropolitan State Sports Infrastructure Authority (Demo) Unit-3,State Sports Infrastructure Authority (Demo),Assam,Kamrup Metropolitan,Nodal Officer (Demo Code 193),officer.demo.0193@kamrupmetropolitan.synthetic.gov.in,3.7,Active,True
AGY-SYNTH-0194,Dibrugarh Zilla Parishad Engineering Division (Demo) Unit-4,Zilla Parishad Engineering Division (Demo),Assam,Dibrugarh,Nodal Officer (Demo Code 194),officer.demo.0194@dibrugarh.synthetic.gov.in,4.4,Active,True
AGY-SYNTH-0195,Warangal Water Supply & Sanitation Board (Demo) Unit-5,Water Supply & Sanitation Board (Demo),Telangana,Warangal,Nodal Officer (Demo Code 195),officer.demo.0195@warangal.synthetic.gov.in,4.77,Active,True
AGY-SYNTH-0196,Gaya Water Supply & Sanitation Board (Demo) Unit-1,Water Supply & Sanitation Board (Demo),Bihar,Gaya,Nodal Officer (Demo Code 196),officer.demo.0196@gaya.synthetic.gov.in,3.92,Active,True
AGY-SYNTH-0197,Muzaffarpur Municipal Engineering Cell (Demo) Unit-2,Municipal Engineering Cell (Demo),Bihar,Muzaffarpur,Nodal Officer (Demo Code 197),officer.demo.0197@muzaffarpur.synthetic.gov.in,4.74,Active,True
AGY-SYNTH-0198,Thane Public Works Dept (Demo) Unit-3,Public Works Dept (Demo),Maharashtra,Thane,Nodal Officer (Demo Code 198),officer.demo.0198@thane.synthetic.gov.in,3.48,Active,True
AGY-SYNTH-0199,Ludhiana Zilla Parishad Engineering Division (Demo) Unit-4,Zilla Parishad Engineering Division (Demo),Punjab,Ludhiana,Nodal Officer (Demo Code 199),officer.demo.0199@ludhiana.synthetic.gov.in,3.95,Active,True
AGY-SYNTH-0200,Prayagraj Irrigation & Flood Management Dept (Demo) Unit-5,Irrigation & Flood Management Dept (Demo),Uttar Pradesh,Prayagraj,Nodal Officer (Demo Code 200),officer.demo.0200@prayagraj.synthetic.gov.in,4.8,Active,True
AGY-SYNTH-0201,Darjeeling State Sports Infrastructure Authority (Demo) Unit-1,State Sports Infrastructure Authority (Demo),West Bengal,Darjeeling,Nodal Officer (Demo Code 201),officer.demo.0201@darjeeling.synthetic.gov.in,3.34,Suspended (Demo),True
AGY-SYNTH-0202,Vadodara State Renewable Energy Development Corp (Demo) Unit-2,State Renewable Energy Development Corp (Demo),Gujarat,Vadodara,Nodal Officer (Demo Code 202),officer.demo.0202@vadodara.synthetic.gov.in,4.23,Suspended (Demo),True
AGY-SYNTH-0203,Dakshina Kannada Public Works Dept (Demo) Unit-3,Public Works Dept (Demo),Karnataka,Dakshina Kannada,Nodal Officer (Demo Code 203),officer.demo.0203@dakshinakannada.synthetic.gov.in,4.9,Active,True
AGY-SYNTH-0204,Kanpur Nagar Public Works Dept (Demo) Unit-4,Public Works Dept (Demo),Uttar Pradesh,Kanpur Nagar,Nodal Officer (Demo Code 204),officer.demo.0204@kanpurnagar.synthetic.gov.in,4.5,Active,True
AGY-SYNTH-0205,Thiruvananthapuram State Sports Infrastructure Authority (Demo) Unit-5,State Sports Infrastructure Authority (Demo),Kerala,Thiruvananthapuram,Nodal Officer (Demo Code 205),officer.demo.0205@thiruvananthapuram.synthetic.gov.in,4.76,Active,True
AGY-SYNTH-0206,Indore Irrigation & Flood Management Dept (Demo) Unit-1,Irrigation & Flood Management Dept (Demo),Madhya Pradesh,Indore,Nodal Officer (Demo Code 206),officer.demo.0206@indore.synthetic.gov.in,4.28,Active,True
AGY-SYNTH-0207,Chennai State Sports Infrastructure Authority (Demo) Unit-2,State Sports Infrastructure Authority (Demo),Tamil Nadu,Chennai,Nodal Officer (Demo Code 207),officer.demo.0207@chennai.synthetic.gov.in,3.79,Active,True
AGY-SYNTH-0208,Hyderabad Rural Development Agency (Demo) Unit-3,Rural Development Agency (Demo),Telangana,Hyderabad,Nodal Officer (Demo Code 208),officer.demo.0208@hyderabad.synthetic.gov.in,4.66,Active,True
AGY-SYNTH-0209,Kamrup Metropolitan State Sports Infrastructure Authority (Demo) Unit-4,State Sports Infrastructure Authority (Demo),Assam,Kamrup Metropolitan,Nodal Officer (Demo Code 209),officer.demo.0209@kamrupmetropolitan.synthetic.gov.in,3.69,Active,True
AGY-SYNTH-0210,Khordha Public Works Dept (Demo) Unit-5,Public Works Dept (Demo),Odisha,Khordha,Nodal Officer (Demo Code 210),officer.demo.0210@khordha.synthetic.gov.in,3.97,Active,True
AGY-SYNTH-0211,Jaipur Rural Development Agency (Demo) Unit-1,Rural Development Agency (Demo),Rajasthan,Jaipur,Nodal Officer (Demo Code 211),officer.demo.0211@jaipur.synthetic.gov.in,4.85,Active,True
AGY-SYNTH-0212,Purba Medinipur Public Works Dept (Demo) Unit-2,Public Works Dept (Demo),West Bengal,Purba Medinipur,Nodal Officer (Demo Code 212),officer.demo.0212@purbamedinipur.synthetic.gov.in,4.32,Active,True
AGY-SYNTH-0213,Surat Public Works Dept (Demo) Unit-3,Public Works Dept (Demo),Gujarat,Surat,Nodal Officer (Demo Code 213),officer.demo.0213@surat.synthetic.gov.in,3.52,Active,True
AGY-SYNTH-0214,Khordha State Sports Infrastructure Authority (Demo) Unit-4,State Sports Infrastructure Authority (Demo),Odisha,Khordha,Nodal Officer (Demo Code 214),officer.demo.0214@khordha.synthetic.gov.in,4.26,Active,True
AGY-SYNTH-0215,Belagavi Zilla Parishad Engineering Division (Demo) Unit-5,Zilla Parishad Engineering Division (Demo),Karnataka,Belagavi,Nodal Officer (Demo Code 215),officer.demo.0215@belagavi.synthetic.gov.in,4.13,Active,True
AGY-SYNTH-0216,Rajkot State Sports Infrastructure Authority (Demo) Unit-1,State Sports Infrastructure Authority (Demo),Gujarat,Rajkot,Nodal Officer (Demo Code 216),officer.demo.0216@rajkot.synthetic.gov.in,3.41,Active,True
AGY-SYNTH-0217,Gwalior Water Supply & Sanitation Board (Demo) Unit-2,Water Supply & Sanitation Board (Demo),Madhya Pradesh,Gwalior,Nodal Officer (Demo Code 217),officer.demo.0217@gwalior.synthetic.gov.in,4.41,Active,True
AGY-SYNTH-0218,Pune Irrigation & Flood Management Dept (Demo) Unit-3,Irrigation & Flood Management Dept (Demo),Maharashtra,Pune,Nodal Officer (Demo Code 218),officer.demo.0218@pune.synthetic.gov.in,3.36,Active,True
AGY-SYNTH-0219,Madurai State Sports Infrastructure Authority (Demo) Unit-4,State Sports Infrastructure Authority (Demo),Tamil Nadu,Madurai,Nodal Officer (Demo Code 219),officer.demo.0219@madurai.synthetic.gov.in,4.81,Active,True
AGY-SYNTH-0220,Salem State Sports Infrastructure Authority (Demo) Unit-5,State Sports Infrastructure Authority (Demo),Tamil Nadu,Salem,Nodal Officer (Demo Code 220),officer.demo.0220@salem.synthetic.gov.in,4.79,Active,True
AGY-SYNTH-0221,Dibrugarh Zilla Parishad Engineering Division (Demo) Unit-1,Zilla Parishad Engineering Division (Demo),Assam,Dibrugarh,Nodal Officer (Demo Code 221),officer.demo.0221@dibrugarh.synthetic.gov.in,3.91,Active,True
AGY-SYNTH-0222,North 24 Parganas Water Supply & Sanitation Board (Demo) Unit-2,Water Supply & Sanitation Board (Demo),West Bengal,North 24 Parganas,Nodal Officer (Demo Code 222),officer.demo.0222@north24parganas.synthetic.gov.in,3.98,Active,True
AGY-SYNTH-0223,Dharwad Municipal Engineering Cell (Demo) Unit-3,Municipal Engineering Cell (Demo),Karnataka,Dharwad,Nodal Officer (Demo Code 223),officer.demo.0223@dharwad.synthetic.gov.in,4.67,Active,True
AGY-SYNTH-0224,Visakhapatnam Irrigation & Flood Management Dept (Demo) Unit-4,Irrigation & Flood Management Dept (Demo),Andhra Pradesh,Visakhapatnam,Nodal Officer (Demo Code 224),officer.demo.0224@visakhapatnam.synthetic.gov.in,3.78,Active,True
AGY-SYNTH-0225,Kanpur Nagar Public Works Dept (Demo) Unit-5,Public Works Dept (Demo),Uttar Pradesh,Kanpur Nagar,Nodal Officer (Demo Code 225),officer.demo.0225@kanpurnagar.synthetic.gov.in,3.68,Active,True
AGY-SYNTH-0226,Indore State Sports Infrastructure Authority (Demo) Unit-1,State Sports Infrastructure Authority (Demo),Madhya Pradesh,Indore,Nodal Officer (Demo Code 226),officer.demo.0226@indore.synthetic.gov.in,4.67,Active,True
AGY-SYNTH-0227,North 24 Parganas State Renewable Energy Development Corp (Demo) Unit-2,State Renewable Energy Development Corp (Demo),West Bengal,North 24 Parganas,Nodal Officer (Demo Code 227),officer.demo.0227@north24parganas.synthetic.gov.in,3.77,Active,True
AGY-SYNTH-0228,Ajmer State Sports Infrastructure Authority (Demo) Unit-3,State Sports Infrastructure Authority (Demo),Rajasthan,Ajmer,Nodal Officer (Demo Code 228),officer.demo.0228@ajmer.synthetic.gov.in,4.79,Active,True
AGY-SYNTH-0229,Kamrup Metropolitan Water Supply & Sanitation Board (Demo) Unit-4,Water Supply & Sanitation Board (Demo),Assam,Kamrup Metropolitan,Nodal Officer (Demo Code 229),officer.demo.0229@kamrupmetropolitan.synthetic.gov.in,4.17,Active,True
AGY-SYNTH-0230,Cuttack Irrigation & Flood Management Dept (Demo) Unit-5,Irrigation & Flood Management Dept (Demo),Odisha,Cuttack,Nodal Officer (Demo Code 230),officer.demo.0230@cuttack.synthetic.gov.in,3.27,Active,True
AGY-SYNTH-0231,Dibrugarh Irrigation & Flood Management Dept (Demo) Unit-1,Irrigation & Flood Management Dept (Demo),Assam,Dibrugarh,Nodal Officer (Demo Code 231),officer.demo.0231@dibrugarh.synthetic.gov.in,3.86,Active,True
AGY-SYNTH-0232,Muzaffarpur Municipal Engineering Cell (Demo) Unit-2,Municipal Engineering Cell (Demo),Bihar,Muzaffarpur,Nodal Officer (Demo Code 232),officer.demo.0232@muzaffarpur.synthetic.gov.in,4.04,Suspended (Demo),True
AGY-SYNTH-0233,Purba Medinipur State Renewable Energy Development Corp (Demo) Unit-3,State Renewable Energy Development Corp (Demo),West Bengal,Purba Medinipur,Nodal Officer (Demo Code 233),officer.demo.0233@purbamedinipur.synthetic.gov.in,4.68,Active,True
AGY-SYNTH-0234,Rajkot Rural Development Agency (Demo) Unit-4,Rural Development Agency (Demo),Gujarat,Rajkot,Nodal Officer (Demo Code 234),officer.demo.0234@rajkot.synthetic.gov.in,4.09,Active,True
AGY-SYNTH-0235,Amritsar Municipal Engineering Cell (Demo) Unit-5,Municipal Engineering Cell (Demo),Punjab,Amritsar,Nodal Officer (Demo Code 235),officer.demo.0235@amritsar.synthetic.gov.in,3.9,Active,True
AGY-SYNTH-0236,Salem Rural Development Agency (Demo) Unit-1,Rural Development Agency (Demo),Tamil Nadu,Salem,Nodal Officer (Demo Code 236),officer.demo.0236@salem.synthetic.gov.in,4.0,Active,True
AGY-SYNTH-0237,Jodhpur Irrigation & Flood Management Dept (Demo) Unit-2,Irrigation & Flood Management Dept (Demo),Rajasthan,Jodhpur,Nodal Officer (Demo Code 237),officer.demo.0237@jodhpur.synthetic.gov.in,4.3,Active,True
AGY-SYNTH-0238,Warangal Irrigation & Flood Management Dept (Demo) Unit-3,Irrigation & Flood Management Dept (Demo),Telangana,Warangal,Nodal Officer (Demo Code 238),officer.demo.0238@warangal.synthetic.gov.in,4.82,Active,True
AGY-SYNTH-0239,Khordha State Sports Infrastructure Authority (Demo) Unit-4,State Sports Infrastructure Authority (Demo),Odisha,Khordha,Nodal Officer (Demo Code 239),officer.demo.0239@khordha.synthetic.gov.in,4.68,Suspended (Demo),True
AGY-SYNTH-0240,Thane Water Supply & Sanitation Board (Demo) Unit-5,Water Supply & Sanitation Board (Demo),Maharashtra,Thane,Nodal Officer (Demo Code 240),officer.demo.0240@thane.synthetic.gov.in,4.27,Active,True
AGY-SYNTH-0241,Dakshina Kannada Rural Development Agency (Demo) Unit-1,Rural Development Agency (Demo),Karnataka,Dakshina Kannada,Nodal Officer (Demo Code 241),officer.demo.0241@dakshinakannada.synthetic.gov.in,3.94,Active,True
AGY-SYNTH-0242,Gaya Rural Development Agency (Demo) Unit-2,Rural Development Agency (Demo),Bihar,Gaya,Nodal Officer (Demo Code 242),officer.demo.0242@gaya.synthetic.gov.in,3.95,Active,True
AGY-SYNTH-0243,Nagpur Public Works Dept (Demo) Unit-3,Public Works Dept (Demo),Maharashtra,Nagpur,Nodal Officer (Demo Code 243),officer.demo.0243@nagpur.synthetic.gov.in,3.75,Active,True
AGY-SYNTH-0244,Udaipur State Renewable Energy Development Corp (Demo) Unit-4,State Renewable Energy Development Corp (Demo),Rajasthan,Udaipur,Nodal Officer (Demo Code 244),officer.demo.0244@udaipur.synthetic.gov.in,3.93,Active,True
AGY-SYNTH-0245,Surat Municipal Engineering Cell (Demo) Unit-5,Municipal Engineering Cell (Demo),Gujarat,Surat,Nodal Officer (Demo Code 245),officer.demo.0245@surat.synthetic.gov.in,3.49,Active,True
AGY-SYNTH-0246,Ajmer Water Supply & Sanitation Board (Demo) Unit-1,Water Supply & Sanitation Board (Demo),Rajasthan,Ajmer,Nodal Officer (Demo Code 246),officer.demo.0246@ajmer.synthetic.gov.in,4.05,Active,True
AGY-SYNTH-0247,Dakshina Kannada State Sports Infrastructure Authority (Demo) Unit-2,State Sports Infrastructure Authority (Demo),Karnataka,Dakshina Kannada,Nodal Officer (Demo Code 247),officer.demo.0247@dakshinakannada.synthetic.gov.in,4.28,Active,True
AGY-SYNTH-0248,Hyderabad Public Works Dept (Demo) Unit-3,Public Works Dept (Demo),Telangana,Hyderabad,Nodal Officer (Demo Code 248),officer.demo.0248@hyderabad.synthetic.gov.in,4.73,Active,True
AGY-SYNTH-0249,Agra Municipal Engineering Cell (Demo) Unit-4,Municipal Engineering Cell (Demo),Uttar Pradesh,Agra,Nodal Officer (Demo Code 249),officer.demo.0249@agra.synthetic.gov.in,3.33,Active,True
AGY-SYNTH-0250,Indore Zilla Parishad Engineering Division (Demo) Unit-5,Zilla Parishad Engineering Division (Demo),Madhya Pradesh,Indore,Nodal Officer (Demo Code 250),officer.demo.0250@indore.synthetic.gov.in,4.29,Active,True
AGY-SYNTH-0251,Varanasi State Sports Infrastructure Authority (Demo) Unit-1,State Sports Infrastructure Authority (Demo),Uttar Pradesh,Varanasi,Nodal Officer (Demo Code 251),officer.demo.0251@varanasi.synthetic.gov.in,4.64,Active,True
AGY-SYNTH-0252,Ajmer State Sports Infrastructure Authority (Demo) Unit-2,State Sports Infrastructure Authority (Demo),Rajasthan,Ajmer,Nodal Officer (Demo Code 252),officer.demo.0252@ajmer.synthetic.gov.in,3.38,Active,True
AGY-SYNTH-0253,Udaipur Zilla Parishad Engineering Division (Demo) Unit-3,Zilla Parishad Engineering Division (Demo),Rajasthan,Udaipur,Nodal Officer (Demo Code 253),officer.demo.0253@udaipur.synthetic.gov.in,4.89,Active,True
AGY-SYNTH-0254,Hyderabad Irrigation & Flood Management Dept (Demo) Unit-4,Irrigation & Flood Management Dept (Demo),Telangana,Hyderabad,Nodal Officer (Demo Code 254),officer.demo.0254@hyderabad.synthetic.gov.in,3.67,Active,True
AGY-SYNTH-0255,Warangal Public Works Dept (Demo) Unit-5,Public Works Dept (Demo),Telangana,Warangal,Nodal Officer (Demo Code 255),officer.demo.0255@warangal.synthetic.gov.in,4.75,Active,True
AGY-SYNTH-0256,Agra Water Supply & Sanitation Board (Demo) Unit-1,Water Supply & Sanitation Board (Demo),Uttar Pradesh,Agra,Nodal Officer (Demo Code 256),officer.demo.0256@agra.synthetic.gov.in,4.23,Active,True
AGY-SYNTH-0257,Gaya Water Supply & Sanitation Board (Demo) Unit-2,Water Supply & Sanitation Board (Demo),Bihar,Gaya,Nodal Officer (Demo Code 257),officer.demo.0257@gaya.synthetic.gov.in,4.26,Active,True
AGY-SYNTH-0258,Amritsar Municipal Engineering Cell (Demo) Unit-3,Municipal Engineering Cell (Demo),Punjab,Amritsar,Nodal Officer (Demo Code 258),officer.demo.0258@amritsar.synthetic.gov.in,4.27,Active,True
AGY-SYNTH-0259,Muzaffarpur Public Works Dept (Demo) Unit-4,Public Works Dept (Demo),Bihar,Muzaffarpur,Nodal Officer (Demo Code 259),officer.demo.0259@muzaffarpur.synthetic.gov.in,3.73,Active,True
AGY-SYNTH-0260,Indore State Renewable Energy Development Corp (Demo) Unit-5,State Renewable Energy Development Corp (Demo),Madhya Pradesh,Indore,Nodal Officer (Demo Code 260),officer.demo.0260@indore.synthetic.gov.in,4.45,Active,True
